bien,q1,q3,iqr,can_duoi,can_tren,so_ngoai_le_truoc_clip,so_ngoai_le_sau_clip
sales,0.0,196.97525000000002,196.97525000000002,-295.46287500000005,492.43812500000007,14938,0
onpromotion,0.0,0.0,0.0,0.0,642.0,0,0
dcoilwtico,46.53,95.8,49.269999999999996,-27.375,169.70499999999998,0,0
transactions,926.0,1969.0,1043.0,-638.5,3533.5,5555,0
