,source,count,mean,std,min,25%,50%,75%,max
sales,train,3000888.0,357.77574911261877,1101.997721338,0.0,0.0,11.0,195.84725,124717.0
onpromotion,train,3000888.0,2.6027702466736513,12.218882346424387,0.0,0.0,0.0,0.0,741.0
transactions,transactions,83488.0,1694.6021583940208,963.2866435167257,5.0,1046.0,1393.0,2079.0,8359.0
dcoilwtico,oil,1175.0,67.71436595744682,25.63047572945322,26.19,46.405,53.19,95.66,110.62
cluster,stores,54.0,8.481481481481481,4.693394558396158,1.0,4.0,8.5,13.0,17.0
