bien,mean_before_full_train,mean_after_sample_clipped,median_before_full_train,median_after_sample_clipped,std_before_full_train,std_after_sample_clipped,min_before_full_train,min_after_sample_clipped,max_before_full_train,max_after_sample_clipped,missing_before,missing_after_sample
sales,357.77574911261877,123.48164076423302,11.0,11.0,1101.997721338,183.33195490163303,0.0,0.0,124717.0,492.43812500000007,0,0
onpromotion,2.6027702466736513,2.5728,0.0,0.0,12.218882346424387,12.150908468331332,0.0,0.0,741.0,642.0,0,0
dcoilwtico,67.71436595744682,67.95072788306877,53.19,53.41,25.63047572945322,25.641932394726034,26.19,26.19,110.62,110.62,43,28505
transactions,1694.6021583940208,1510.952365,1393.0,1330.0,963.2866435167257,914.8389844951308,5.0,0.0,8359.0,3533.5,0,0
