bien,missing_before,missing_rate_before
Unnamed: 0,0,0.0
Clothing ID,0,0.0
Age,0,0.0
Title,3810,0.1622243038405859
Review Text,845,0.035978881035510515
Rating,0,0.0
Recommended IND,0,0.0
Positive Feedback Count,0,0.0
Division Name,14,0.0005960998041386358
Department Name,14,0.0005960998041386358
Class Name,14,0.0005960998041386358
Review Text Length,845,0.035978881035510515
Title Length,3810,0.1622243038405859
Sentiment Label,0,0.0
