,count,mean,std,min,25%,50%,75%,max
Unnamed: 0,23486.0,11742.5,6779.968547124684,0.0,5871.25,11742.5,17613.75,23485.0
Clothing ID,23486.0,918.1187090181385,203.29897972204742,0.0,861.0,936.0,1078.0,1205.0
Age,23486.0,43.198543813335604,12.279543615591493,18.0,34.0,41.0,52.0,99.0
Rating,23486.0,4.196031678446734,1.1100307198243897,1.0,4.0,5.0,5.0,5.0
Recommended IND,23486.0,0.8223622583666865,0.38221563891455684,0.0,1.0,1.0,1.0,1.0
Positive Feedback Count,23486.0,2.535936302478072,5.7022015020339385,0.0,0.0,1.0,3.0,122.0
Review Text Length,22641.0,308.6879113113378,143.94004825044783,9.0,186.0,301.0,459.0,508.0
Title Length,19676.0,19.096767635698313,9.579297230052102,2.0,12.0,17.0,24.0,52.0
