,count,mean,std,min,25%,50%,75%,max
Age,23465.0,43.174515235457065,12.196964977348268,18.0,34.0,41.0,52.0,79.0
Rating,23465.0,4.195354783720434,1.1102783150634652,1.0,4.0,5.0,5.0,5.0
Recommended IND,23465.0,0.8222032814830599,0.38234967710969775,0.0,1.0,1.0,1.0,1.0
Positive Feedback Count,23465.0,1.7750479437460047,2.4544116553556696,0.0,0.0,1.0,3.0,7.5
Review_Text_Length,23465.0,298.3310888557426,151.4491458988786,9.0,174.0,292.0,451.0,508.0
Review_Word_Count,23465.0,58.18649051779246,29.943290756561876,2.0,34.0,57.0,87.0,115.0
Title_Length,23465.0,17.246793096100575,9.499887444334034,2.0,9.0,15.0,23.0,44.0
