Age Group,avg_rating,recommend_rate,count
26-35,4.135572572224156,0.7986425339366516,5746
36-45,4.190056895150366,0.8205093470604172,7382
46-55,4.175259832891787,0.8214795190544121,4907
56-65,4.301410298458511,0.851426697277796,3049
<=25,4.292722812755519,0.8511856091578087,1223
>65,4.228842832469775,0.8454231433506045,1158
